an_vec_0,an_vec_1,an_vec_2,an_vec_3,an_vec_4,an_vec_5,an_vec_6,an_vec_7,an_vec_8,an_vec_9,an_vec_10,an_vec_11,emb_0,emb_1,emb_2,emb_3,emb_4,emb_5,emb_6,emb_7,emb_8,emb_9,fill_r,fill_g,fill_b,svg_fill_r,svg_fill_g,svg_fill_b,diff_fill_r,diff_fill_g,diff_fill_b,rel_height,rel_width,rel_x_position,rel_y_position,rel_x_position_to_animations,rel_y_position_to_animations,nr_paths_svg,rating_0,rating_1,rating_2,rating_3
0,0,0,0,0,1,-1.0,-1.0,-1.0,-1.0,-1.0,-1.0,0.3377407671331422,0.6345624596064585,1.5454253879840834,-1.272139218270468,-0.3082024162558784,1.646020317227049,0.4309308198046779,-0.1962194611137539,-0.3465640981766439,-0.0130418324579269,0.1123823610833101,0.427796155755419,0.5845774105672512,-0.7172076836828071,-0.7468703484402205,-0.6729309143203632,0.6931979436584688,1.075940395459519,1.2424225982785706,0.1058661273784358,0.6055008522787096,0.3927090132960757,0.7824914435199192,-0.0244263917376938,0.3648914414091989,0.0212299637839,1,1,1,0
0,0,0,0,1,0,-1.0,-1.0,-1.0,-1.0,-1.0,-1.0,0.4777552048480857,0.4977507266578434,1.7379612882687971,-1.249104045110378,-0.199626262019103,1.6854129995006268,0.5070970119545885,-0.2010089857250773,-0.2588749405747375,0.0199337113071055,0.1123823610833101,0.427796155755419,0.5845774105672512,-0.7172076836828071,-0.7468703484402205,-0.6729309143203632,0.6931979436584688,1.075940395459519,1.2424225982785706,0.1059254279651669,0.6055008522787096,0.3927090132960757,1.0782843209447042,-0.0244263917376938,0.6263141886070847,0.0212299637839,1,1,1,0
1,0,0,0,0,0,0.1343642441124012,0.8474337369372327,-1.0,-1.0,-1.0,-1.0,-2.24635083684308,0.4414327495397288,-0.3684725632867454,0.219163958696932,0.835400008920284,-1.0430203000683966,2.176880017190801,-0.3521898907282153,-0.0422585737704409,-0.6849315079719792,-0.9284088572492858,-0.793431006088086,-0.584584513104966,-0.7172076836828071,-0.7468703484402205,-0.6729309143203632,-0.4303996955999552,-0.2520717781551231,-0.113523011769542,-0.9319913709156736,-0.8806999850485663,-1.6120480274066464,-1.9266083683048525,-1.91076748051374,-2.0294201505614207,0.0212299637839,0,0,0,0
0,0,1,0,0,0,-1.0,-1.0,-1.0,0.5442292252959519,-1.0,-1.0,0.3377407671331422,0.6345624596064585,1.5454253879840834,-1.272139218270468,-0.3082024162558784,1.646020317227049,0.4309308198046779,-0.1962194611137539,-0.3465640981766439,-0.0130418324579269,0.1123823610833101,0.427796155755419,0.5845774105672512,-0.7172076836828071,-0.7468703484402205,-0.6729309143203632,0.6931979436584688,1.075940395459519,1.2424225982785706,0.1058661273784358,0.6055008522787096,0.3927090132960757,0.7824914435199192,-0.0244263917376938,0.3648914414091989,0.0212299637839,1,0,0,0
0,0,1,0,0,0,-1.0,-1.0,-1.0,0.3699551665480792,-1.0,-1.0,0.4777552048480857,0.4977507266578434,1.7379612882687971,-1.249104045110378,-0.199626262019103,1.6854129995006268,0.5070970119545885,-0.2010089857250773,-0.2588749405747375,0.0199337113071055,0.1123823610833101,0.427796155755419,0.5845774105672512,-0.7172076836828071,-0.7468703484402205,-0.6729309143203632,0.6931979436584688,1.075940395459519,1.2424225982785706,0.1059254279651669,0.6055008522787096,0.3927090132960757,1.0782843209447042,-0.0244263917376938,0.6263141886070847,0.0212299637839,1,0,0,0
0,0,0,0,1,0,-1.0,-1.0,-1.0,-1.0,-1.0,-1.0,-2.24635083684308,0.4414327495397288,-0.3684725632867454,0.219163958696932,0.835400008920284,-1.0430203000683966,2.176880017190801,-0.3521898907282153,-0.0422585737704409,-0.6849315079719792,-0.9284088572492858,-0.793431006088086,-0.584584513104966,-0.7172076836828071,-0.7468703484402205,-0.6729309143203632,-0.4303996955999552,-0.2520717781551231,-0.113523011769542,-0.9319913709156736,-0.8806999850485663,-1.6120480274066464,-1.9266083683048525,-1.91076748051374,-2.0294201505614207,0.0212299637839,1,1,1,0
0,0,0,0,1,0,-1.0,-1.0,-1.0,-1.0,-1.0,-1.0,0.3377407671331422,0.6345624596064585,1.5454253879840834,-1.272139218270468,-0.3082024162558784,1.646020317227049,0.4309308198046779,-0.1962194611137539,-0.3465640981766439,-0.0130418324579269,0.1123823610833101,0.427796155755419,0.5845774105672512,-0.7172076836828071,-0.7468703484402205,-0.6729309143203632,0.6931979436584688,1.075940395459519,1.2424225982785706,0.1058661273784358,0.6055008522787096,0.3927090132960757,0.7824914435199192,-0.0244263917376938,0.3648914414091989,0.0212299637839,1,1,1,0
0,0,0,0,0,1,-1.0,-1.0,-1.0,-1.0,-1.0,-1.0,0.4777552048480857,0.4977507266578434,1.7379612882687971,-1.249104045110378,-0.199626262019103,1.6854129995006268,0.5070970119545885,-0.2010089857250773,-0.2588749405747375,0.0199337113071055,0.1123823610833101,0.427796155755419,0.5845774105672512,-0.7172076836828071,-0.7468703484402205,-0.6729309143203632,0.6931979436584688,1.075940395459519,1.2424225982785706,0.1059254279651669,0.6055008522787096,0.3927090132960757,1.0782843209447042,-0.0244263917376938,0.6263141886070847,0.0212299637839,1,1,1,0
0,0,0,0,1,0,-1.0,-1.0,-1.0,-1.0,-1.0,-1.0,0.4777552048480857,0.4977507266578434,1.7379612882687971,-1.249104045110378,-0.199626262019103,1.6854129995006268,0.5070970119545885,-0.2010089857250773,-0.2588749405747375,0.0199337113071055,0.1123823610833101,0.427796155755419,0.5845774105672512,-0.7172076836828071,-0.7468703484402205,-0.6729309143203632,0.6931979436584688,1.075940395459519,1.2424225982785706,0.1059254279651669,0.6055008522787096,0.3927090132960757,1.0782843209447042,-0.0244263917376938,0.6263141886070847,0.0212299637839,1,1,0,0
0,0,0,0,1,0,-1.0,-1.0,-1.0,-1.0,-1.0,-1.0,0.0891276869426087,1.5350150191438836,1.7147031187678416,-0.5799825222879974,-1.755613239546029,2.13463759736325,1.9403686877853008,-0.1400115263675803,1.57080260604006,0.5363892506025628,0.6376414806156483,-1.010284427350017,-0.8358996929597416,1.0911771594959787,1.257051610324473,1.3940463970591597,-0.1816905830827506,-2.1265518004695605,-2.138766874930522,1.5992429502209666,2.394086225780841,0.3817632071067805,0.5155057592915809,-0.0347256567086794,0.0105890316348785,0.2442248235632913,1,1,1,0
0,0,0,1,0,0,-1.0,-1.0,-1.0,-1.0,0.8444218515250481,0.7579544029403025,-0.0348371732407201,1.2063975777990956,0.9535486101778484,0.1710523062667119,0.0168663547717842,0.1886234815105214,2.6977832499091137,0.0455532091361267,1.469740573846648,4.405727508624064,-1.1424033133550533,-0.8619110338550116,0.1038005447581151,1.0911771594959787,1.257051610324473,1.3940463970591597,-2.103357573590149,-1.965204527039744,-1.0489414313404504,1.5992429502209666,2.394086225780841,0.3817632071067805,0.5155057592915809,-0.0347256567086794,0.0105890316348785,0.2442248235632913,1,0,0,0
0,0,0,0,1,0,-1.0,-1.0,-1.0,-1.0,-1.0,-1.0,0.0891276869426087,1.5350150191438836,1.7147031187678416,-0.5799825222879974,-1.755613239546029,2.13463759736325,1.9403686877853008,-0.1400115263675803,1.57080260604006,0.5363892506025628,0.6376414806156483,-1.010284427350017,-0.8358996929597416,1.0911771594959787,1.257051610324473,1.3940463970591597,-0.1816905830827506,-2.1265518004695605,-2.138766874930522,1.5992429502209666,2.394086225780841,0.3817632071067805,0.5155057592915809,-0.0347256567086794,0.0105890316348785,0.2442248235632913,1,1,1,0
1,0,0,0,0,0,0.8474337369372327,0.763774618976614,-1.0,-1.0,-1.0,-1.0,0.1941907770398789,1.0822444657750545,1.81832403101926,-0.6191401953385839,-0.126812126560138,0.8216036569736027,0.3005881328509236,1.9735282138339008,-0.8642758205922427,-0.918595454281278,-1.1424033133550533,-0.8619110338550116,0.1038005447581151,1.0911771594959787,1.257051610324473,1.3940463970591597,-2.103357573590149,-1.965204527039744,-1.0489414313404504,-0.3499621542322532,2.6002403182735048,0.3914059393152473,0.5186164975740367,-0.0256524964186331,0.0134924194933634,0.2442248235632913,1,0,0,0
0,0,0,0,1,0,-1.0,-1.0,-1.0,-1.0,-1.0,-1.0,0.0891276869426087,1.5350150191438836,1.7147031187678416,-0.5799825222879974,-1.755613239546029,2.13463759736325,1.9403686877853008,-0.1400115263675803,1.57080260604006,0.5363892506025628,0.6376414806156483,-1.010284427350017,-0.8358996929597416,1.0911771594959787,1.257051610324473,1.3940463970591597,-0.1816905830827506,-2.1265518004695605,-2.138766874930522,1.5992429502209666,2.394086225780841,0.3817632071067805,0.5155057592915809,-0.0347256567086794,0.0105890316348785,0.2442248235632913,1,1,1,0
0,0,0,0,0,1,-1.0,-1.0,-1.0,-1.0,-1.0,-1.0,0.1941907770398789,1.0822444657750545,1.81832403101926,-0.6191401953385839,-0.126812126560138,0.8216036569736027,0.3005881328509236,1.9735282138339008,-0.8642758205922427,-0.918595454281278,-1.1424033133550533,-0.8619110338550116,0.1038005447581151,1.0911771594959787,1.257051610324473,1.3940463970591597,-2.103357573590149,-1.965204527039744,-1.0489414313404504,-0.3499621542322532,2.6002403182735048,0.3914059393152473,0.5186164975740367,-0.0256524964186331,0.0134924194933634,0.2442248235632913,1,1,1,0
0,0,0,1,0,0,-1.0,-1.0,-1.0,-1.0,0.2360480897374345,0.1031660342307158,0.0891276869426087,1.5350150191438836,1.7147031187678416,-0.5799825222879974,-1.755613239546029,2.13463759736325,1.9403686877853008,-0.1400115263675803,1.57080260604006,0.5363892506025628,0.6376414806156483,-1.010284427350017,-0.8358996929597416,1.0911771594959787,1.257051610324473,1.3940463970591597,-0.1816905830827506,-2.1265518004695605,-2.138766874930522,1.5992429502209666,2.394086225780841,0.3817632071067805,0.5155057592915809,-0.0347256567086794,0.0105890316348785,0.2442248235632913,0,0,0,0
0,0,0,0,1,0,-1.0,-1.0,-1.0,-1.0,-1.0,-1.0,-0.0348371732407201,1.2063975777990956,0.9535486101778484,0.1710523062667119,0.0168663547717842,0.1886234815105214,2.6977832499091137,0.0455532091361267,1.469740573846648,4.405727508624064,-1.1424033133550533,-0.8619110338550116,0.1038005447581151,1.0911771594959787,1.257051610324473,1.3940463970591597,-2.103357573590149,-1.965204527039744,-1.0489414313404504,1.5992429502209666,2.394086225780841,0.3817632071067805,0.5155057592915809,-0.0347256567086794,0.0105890316348785,0.2442248235632913,1,1,1,0
0,0,0,0,0,1,-1.0,-1.0,-1.0,-1.0,-1.0,-1.0,0.0891276869426087,1.5350150191438836,1.7147031187678416,-0.5799825222879974,-1.755613239546029,2.13463759736325,1.9403686877853008,-0.1400115263675803,1.57080260604006,0.5363892506025628,0.6376414806156483,-1.010284427350017,-0.8358996929597416,1.0911771594959787,1.257051610324473,1.3940463970591597,-0.1816905830827506,-2.1265518004695605,-2.138766874930522,1.5992429502209666,2.394086225780841,0.3817632071067805,0.5155057592915809,-0.0347256567086794,0.0105890316348785,0.2442248235632913,1,1,0,0
0,0,0,0,0,1,-1.0,-1.0,-1.0,-1.0,-1.0,-1.0,-0.0348371732407201,1.2063975777990956,0.9535486101778484,0.1710523062667119,0.0168663547717842,0.1886234815105214,2.6977832499091137,0.0455532091361267,1.469740573846648,4.405727508624064,-1.1424033133550533,-0.8619110338550116,0.1038005447581151,1.0911771594959787,1.257051610324473,1.3940463970591597,-2.103357573590149,-1.965204527039744,-1.0489414313404504,1.5992429502209666,2.394086225780841,0.3817632071067805,0.5155057592915809,-0.0347256567086794,0.0105890316348785,0.2442248235632913,1,1,0,0
0,1,0,0,0,0,-1.0,-1.0,0.793340083761663,-1.0,-1.0,-1.0,0.0891276869426087,1.5350150191438836,1.7147031187678416,-0.5799825222879974,-1.755613239546029,2.13463759736325,1.9403686877853008,-0.1400115263675803,1.57080260604006,0.5363892506025628,0.6376414806156483,-1.010284427350017,-0.8358996929597416,1.0911771594959787,1.257051610324473,1.3940463970591597,-0.1816905830827506,-2.1265518004695605,-2.138766874930522,1.5992429502209666,2.394086225780841,0.3817632071067805,0.5155057592915809,-0.0347256567086794,0.0105890316348785,0.2442248235632913,1,0,0,0
1,0,0,0,0,0,0.8219540423197268,0.4850346279309453,-1.0,-1.0,-1.0,-1.0,-0.0348371732407201,1.2063975777990956,0.9535486101778484,0.1710523062667119,0.0168663547717842,0.1886234815105214,2.6977832499091137,0.0455532091361267,1.469740573846648,4.405727508624064,-1.1424033133550533,-0.8619110338550116,0.1038005447581151,1.0911771594959787,1.257051610324473,1.3940463970591597,-2.103357573590149,-1.965204527039744,-1.0489414313404504,1.5992429502209666,2.394086225780841,0.3817632071067805,0.5155057592915809,-0.0347256567086794,0.0105890316348785,0.2442248235632913,0,0,0,0
0,0,0,1,0,0,-1.0,-1.0,-1.0,-1.0,0.2616214829446579,0.000451714885071,0.1941907770398789,1.0822444657750545,1.81832403101926,-0.6191401953385839,-0.126812126560138,0.8216036569736027,0.3005881328509236,1.9735282138339008,-0.8642758205922427,-0.918595454281278,-1.1424033133550533,-0.8619110338550116,0.1038005447581151,1.0911771594959787,1.257051610324473,1.3940463970591597,-2.103357573590149,-1.965204527039744,-1.0489414313404504,-0.3499621542322532,2.6002403182735048,0.3914059393152473,0.5186164975740367,-0.0256524964186331,0.0134924194933634,0.2442248235632913,1,0,0,0
0,0,0,0,0,1,-1.0,-1.0,-1.0,-1.0,-1.0,-1.0,1.4113313233098266,0.2760055421821136,-0.6857496058369223,-1.2957400705731497,0.9790597318232004,-0.7183410405785301,-0.4626668221496083,0.1720334905751519,0.6403851327042147,-0.1635097191508088,0.2485606513324348,-1.2271378486119475,-0.8796066807605721,0.6722596250580992,-0.9805904741029166,-0.7717609367352467,-0.2676980570268755,-0.5325825827398358,-0.3727789675848159,-0.6016875775763891,-0.8993002092973074,1.3395428679164032,0.9139008156958836,1.8177891860659363,1.6830566470410553,-0.1460161810506434,1,1,1,1
0,0,0,0,1,0,-1.0,-1.0,-1.0,-1.0,-1.0,-1.0,0.9523425189383492,0.7663844397366065,-1.235943493554835,-1.3374646814972615,0.7015425306276061,-0.8240428363728114,-0.615489938152312,0.2191306929793722,0.4564705542035902,-0.2514314932449984,0.2485606513324348,-1.2271378486119475,-0.8796066807605721,0.6722596250580992,-0.9805904741029166,-0.7717609367352467,-0.2676980570268755,-0.5325825827398358,-0.3727789675848159,-0.6016875775763885,-0.8993002092973074,1.3395428679164032,-1.7029850478382116,1.8177891860659363,-1.6600978397466388,-0.1460161810506434,1,1,1,1
0,0,0,0,0,1,-1.0,-1.0,-1.0,-1.0,-1.0,-1.0,0.9523425189383492,0.7663844397366065,-1.235943493554835,-1.3374646814972615,0.7015425306276061,-0.8240428363728114,-0.615489938152312,0.2191306929793722,0.4564705542035902,-0.2514314932449984,0.2485606513324348,-1.2271378486119475,-0.8796066807605721,0.6722596250580992,-0.9805904741029166,-0.7717609367352467,-0.2676980570268755,-0.5325825827398358,-0.3727789675848159,-0.6016875775763885,-0.8993002092973074,1.3395428679164032,-1.7029850478382116,1.8177891860659363,-1.6600978397466388,-0.1460161810506434,1,1,1,1
0,0,0,0,1,0,-1.0,-1.0,-1.0,-1.0,-1.0,-1.0,1.181943027258238,0.5153849395821737,-0.9957340671083156,-1.31753720478124,0.8267449713286215,-0.7864986402386885,-0.519683974075693,0.2231531546000998,0.5180807873895956,-0.1936694533641376,0.2485606513324348,-1.2271378486119475,-0.8796066807605721,0.6722596250580992,-0.9805904741029166,-0.7717609367352467,-0.2676980570268755,-0.5325825827398358,-0.3727789675848159,-0.6016875775763888,-0.8993002092973074,1.3395428679164032,-0.3945421160711643,1.8177891860659363,0.0114794036472085,-0.1460161810506434,1,1,0,0
1,0,0,0,0,0,0.7417869892607294,0.7951935655656966,-1.0,-1.0,-1.0,-1.0,0.9523425189383492,0.7663844397366065,-1.235943493554835,-1.3374646814972615,0.7015425306276061,-0.8240428363728114,-0.615489938152312,0.2191306929793722,0.4564705542035902,-0.2514314932449984,0.2485606513324348,-1.2271378486119475,-0.8796066807605721,0.6722596250580992,-0.9805904741029166,-0.7717609367352467,-0.2676980570268755,-0.5325825827398358,-0.3727789675848159,-0.6016875775763885,-0.8993002092973074,1.3395428679164032,-1.7029850478382116,1.8177891860659363,-1.6600978397466388,-0.1460161810506434,0,0,0,0
0,0,1,0,0,0,-1.0,-1.0,-1.0,0.8219540423197268,-1.0,-1.0,1.181943027258238,0.5153849395821737,-0.9957340671083156,-1.31753720478124,0.8267449713286215,-0.7864986402386885,-0.519683974075693,0.2231531546000998,0.5180807873895956,-0.1936694533641376,0.2485606513324348,-1.2271378486119475,-0.8796066807605721,0.6722596250580992,-0.9805904741029166,-0.7717609367352467,-0.2676980570268755,-0.5325825827398358,-0.3727789675848159,-0.6016875775763888,-0.8993002092973074,1.3395428679164032,-0.3945421160711643,1.8177891860659363,0.0114794036472085,-0.1460161810506434,1,0,0,0
0,0,0,1,0,0,-1.0,-1.0,-1.0,-1.0,0.4850346279309453,0.2616214829446579,1.4113313233098266,0.2760055421821136,-0.6857496058369223,-1.2957400705731497,0.9790597318232004,-0.7183410405785301,-0.4626668221496083,0.1720334905751519,0.6403851327042147,-0.1635097191508088,0.2485606513324348,-1.2271378486119475,-0.8796066807605721,0.6722596250580992,-0.9805904741029166,-0.7717609367352467,-0.2676980570268755,-0.5325825827398358,-0.3727789675848159,-0.6016875775763891,-0.8993002092973074,1.3395428679164032,0.9139008156958836,1.8177891860659363,1.6830566470410553,-0.1460161810506434,1,0,0,0
0,0,0,0,1,0,-1.0,-1.0,-1.0,-1.0,-1.0,-1.0,0.9523425189383492,0.7663844397366065,-1.235943493554835,-1.3374646814972615,0.7015425306276061,-0.8240428363728114,-0.615489938152312,0.2191306929793722,0.4564705542035902,-0.2514314932449984,0.2485606513324348,-1.2271378486119475,-0.8796066807605721,0.6722596250580992,-0.9805904741029166,-0.7717609367352467,-0.2676980570268755,-0.5325825827398358,-0.3727789675848159,-0.6016875775763885,-0.8993002092973074,1.3395428679164032,-1.7029850478382116,1.8177891860659363,-1.6600978397466388,-0.1460161810506434,1,0,0,0
0,0,0,0,0,1,-1.0,-1.0,-1.0,-1.0,-1.0,-1.0,-0.7931768578993006,-1.6110802965900073,1.5407044745130103,-0.5974183184825165,0.1500150676723682,0.4606479756270943,-0.4072922244212634,-1.5672705411795822,0.1751684457200397,0.3433754031827999,0.7738197708647729,-0.4167908533699956,-1.1199951136651405,0.0058379185770823,-0.576330846877555,-0.365529676872796,0.8307307284223181,0.0180470011873153,-0.9923179794448052,1.4818450961998288,-0.9752777285193815,-1.6862916080641133,1.0576154235824209,-1.759157139166287,0.0114794036472085,-0.8150007603888173,1,1,1,0
0,1,0,0,0,0,-1.0,-1.0,0.2379646270918913,-1.0,-1.0,-1.0,-0.2326470644566583,-1.3108116981797575,0.9847105962486892,-0.7684285376142244,-0.3116462292515577,0.3854257845504091,-0.3669157961896092,-1.8368016879571567,0.2954518031700766,0.4988427579230164,0.7738197708647729,-0.4167908533699956,-1.1199951136651405,0.0058379185770823,-0.576330846877555,-0.365529676872796,0.8307307284223181,0.0180470011873153,-0.9923179794448052,1.4818450961998288,-0.975270046308184,-0.8365747404486352,1.0576154235824209,1.6980980031389377,0.0114794036472085,-0.8150007603888173,1,0,0,0
0,0,0,0,0,1,-1.0,-1.0,-1.0,-1.0,-1.0,-1.0,-0.6240123087086568,-1.535106039296539,1.3724964444754952,-0.6601097545630641,-0.0445816244677058,0.4553449313109086,-0.3690745204116699,-1.615121075129036,0.1950394020928022,0.4481714929760886,0.7738197708647729,-0.4167908533699956,-1.1199951136651405,0.0058379185770823,-0.576330846877555,-0.365529676872796,0.8307307284223181,0.0180470011873153,-0.9923179794448052,1.4818450961998288,-0.9752777285193815,-1.4030564327947497,1.0576154235824209,-0.6067541405890553,0.0114794036472085,-0.8150007603888173,1,1,0,0
0,0,0,0,0,1,-1.0,-1.0,-1.0,-1.0,-1.0,-1.0,-0.2326470644566583,-1.3108116981797575,0.9847105962486892,-0.7684285376142244,-0.3116462292515577,0.3854257845504091,-0.3669157961896092,-1.8368016879571567,0.2954518031700766,0.4988427579230164,0.7738197708647729,-0.4167908533699956,-1.1199951136651405,0.0058379185770823,-0.576330846877555,-0.365529676872796,0.8307307284223181,0.0180470011873153,-0.9923179794448052,1.4818450961998288,-0.975270046308184,-0.8365747404486352,1.0576154235824209,1.6980980031389377,0.0114794036472085,-0.8150007603888173,1,1,1,0
0,0,0,0,1,0,-1.0,-1.0,-1.0,-1.0,-1.0,-1.0,-0.6240123087086568,-1.535106039296539,1.3724964444754952,-0.6601097545630641,-0.0445816244677058,0.4553449313109086,-0.3690745204116699,-1.615121075129036,0.1950394020928022,0.4481714929760886,0.7738197708647729,-0.4167908533699956,-1.1199951136651405,0.0058379185770823,-0.576330846877555,-0.365529676872796,0.8307307284223181,0.0180470011873153,-0.9923179794448052,1.4818450961998288,-0.9752777285193815,-1.4030564327947497,1.0576154235824209,-0.6067541405890553,0.0114794036472085,-0.8150007603888173,1,0,0,0
0,0,0,0,0,1,-1.0,-1.0,-1.0,-1.0,-1.0,-1.0,-0.4295542622763069,-1.4292447462952649,1.1828854520389964,-0.7185165374133978,-0.2247894465904617,0.4305466739977148,-0.3490407791659285,-1.7153378950163014,0.2138145660852762,0.4741817728047543,0.7738197708647729,-0.4167908533699956,-1.1199951136651405,0.0058379185770823,-0.576330846877555,-0.365529676872796,0.8307307284223181,0.0180470011873153,-0.9923179794448052,1.4818450961998288,-0.975270046308184,-1.119809915717999,1.0576154235824209,0.5456950045617058,0.0114794036472085,-0.8150007603888173,1,1,1,0
0,1,0,0,0,0,-1.0,-1.0,0.2360480897374345,-1.0,-1.0,-1.0,-0.7931768578993006,-1.6110802965900073,1.5407044745130103,-0.5974183184825165,0.1500150676723682,0.4606479756270943,-0.4072922244212634,-1.5672705411795822,0.1751684457200397,0.3433754031827999,0.7738197708647729,-0.4167908533699956,-1.1199951136651405,0.0058379185770823,-0.576330846877555,-0.365529676872796,0.8307307284223181,0.0180470011873153,-0.9923179794448052,1.4818450961998288,-0.9752777285193815,-1.6862916080641133,1.0576154235824209,-1.759157139166287,0.0114794036472085,-0.8150007603888173,1,0,0,0
0,1,0,0,0,0,-1.0,-1.0,0.6229016948897019,-1.0,-1.0,-1.0,-0.2326470644566583,-1.3108116981797575,0.9847105962486892,-0.7684285376142244,-0.3116462292515577,0.3854257845504091,-0.3669157961896092,-1.8368016879571567,0.2954518031700766,0.4988427579230164,0.7738197708647729,-0.4167908533699956,-1.1199951136651405,0.0058379185770823,-0.576330846877555,-0.365529676872796,0.8307307284223181,0.0180470011873153,-0.9923179794448052,1.4818450961998288,-0.975270046308184,-0.8365747404486352,1.0576154235824209,1.6980980031389377,0.0114794036472085,-0.8150007603888173,1,0,0,0
0,0,1,0,0,0,-1.0,-1.0,-1.0,0.7417869892607294,-1.0,-1.0,-0.6240123087086568,-1.535106039296539,1.3724964444754952,-0.6601097545630641,-0.0445816244677058,0.4553449313109086,-0.3690745204116699,-1.615121075129036,0.1950394020928022,0.4481714929760886,0.7738197708647729,-0.4167908533699956,-1.1199951136651405,0.0058379185770823,-0.576330846877555,-0.365529676872796,0.8307307284223181,0.0180470011873153,-0.9923179794448052,1.4818450961998288,-0.9752777285193815,-1.4030564327947497,1.0576154235824209,-0.6067541405890553,0.0114794036472085,-0.8150007603888173,1,0,0,0
0,0,0,0,1,0,-1.0,-1.0,-1.0,-1.0,-1.0,-1.0,-0.4295542622763069,-1.4292447462952649,1.1828854520389964,-0.7185165374133978,-0.2247894465904617,0.4305466739977148,-0.3490407791659285,-1.7153378950163014,0.2138145660852762,0.4741817728047543,0.7738197708647729,-0.4167908533699956,-1.1199951136651405,0.0058379185770823,-0.576330846877555,-0.365529676872796,0.8307307284223181,0.0180470011873153,-0.9923179794448052,1.4818450961998288,-0.975270046308184,-1.119809915717999,1.0576154235824209,0.5456950045617058,0.0114794036472085,-0.8150007603888173,0,0,0,0
0,1,0,0,0,0,-1.0,-1.0,0.7951935655656966,-1.0,-1.0,-1.0,-0.7931768578993006,-1.6110802965900073,1.5407044745130103,-0.5974183184825165,0.1500150676723682,0.4606479756270943,-0.4072922244212634,-1.5672705411795822,0.1751684457200397,0.3433754031827999,0.7738197708647729,-0.4167908533699956,-1.1199951136651405,0.0058379185770823,-0.576330846877555,-0.365529676872796,0.8307307284223181,0.0180470011873153,-0.9923179794448052,1.4818450961998288,-0.9752777285193815,-1.6862916080641133,1.0576154235824209,-1.759157139166287,0.0114794036472085,-0.8150007603888173,1,0,0,0
0,0,0,0,1,0,-1.0,-1.0,-1.0,-1.0,-1.0,-1.0,-0.2326470644566583,-1.3108116981797575,0.9847105962486892,-0.7684285376142244,-0.3116462292515577,0.3854257845504091,-0.3669157961896092,-1.8368016879571567,0.2954518031700766,0.4988427579230164,0.7738197708647729,-0.4167908533699956,-1.1199951136651405,0.0058379185770823,-0.576330846877555,-0.365529676872796,0.8307307284223181,0.0180470011873153,-0.9923179794448052,1.4818450961998288,-0.975270046308184,-0.8365747404486352,1.0576154235824209,1.6980980031389377,0.0114794036472085,-0.8150007603888173,1,0,0,0
0,0,0,0,1,0,-1.0,-1.0,-1.0,-1.0,-1.0,-1.0,-0.1521308891246698,-1.2891431517141134,-0.8660222423392214,1.556305800543452,-0.4099544857295506,0.8123512289462052,-0.4027615613375184,-0.5185889359878427,0.2574669161407392,-0.0411986356111436,-1.512030101174106,-0.7820176681269317,0.1147272917083228,-0.2380080414637286,-0.2368780371275342,-0.029321751059835,-1.4425501502345606,-0.6566958699935408,0.1576510240628438,0.9312832997432672,-0.3475541528805004,-0.3043118955713138,-0.5400201880921548,-0.7641632131598204,0.1022144044850927,-0.5362571856645781,1,1,1,1
0,0,0,0,1,0,-1.0,-1.0,-1.0,-1.0,-1.0,-1.0,-0.1521308891246698,-1.2891431517141134,-0.8660222423392214,1.556305800543452,-0.4099544857295506,0.8123512289462052,-0.4027615613375184,-0.5185889359878427,0.2574669161407392,-0.0411986356111436,-1.512030101174106,-0.7820176681269317,0.1147272917083228,-0.2380080414637286,-0.2368780371275342,-0.029321751059835,-1.4425501502345606,-0.6566958699935408,0.1576510240628438,0.9312832997432672,-0.3475541528805004,-0.3043118955713138,-0.5400201880921548,-0.7641632131598204,0.1022144044850927,-0.5362571856645781,1,0,0,0
1,0,0,0,0,0,0.1343642441124012,0.8474337369372327,-1.0,-1.0,-1.0,-1.0,0.5830992686582933,-0.5486898112313867,-1.4170568807302175,0.6479339986573592,-0.90424935245508,-0.359600487829963,-0.6169934473508385,-0.3294751978636282,0.0592993426540425,-0.309555264495057,-1.512030101174106,-0.7820176681269317,0.1147272917083228,-0.2380080414637286,-0.2368780371275342,-0.029321751059835,-1.4425501502345606,-0.6566958699935408,0.1576510240628438,0.2875427596681749,-0.5754982968058593,0.417871494261506,-0.6682046762133954,0.3913340023224435,-0.0837179742810663,-0.5362571856645781,0,0,0,0
1,0,0,0,0,0,0.9560342718892494,0.9478274870593494,-1.0,-1.0,-1.0,-1.0,-0.1521308891246698,-1.2891431517141134,-0.8660222423392214,1.556305800543452,-0.4099544857295506,0.8123512289462052,-0.4027615613375184,-0.5185889359878427,0.2574669161407392,-0.0411986356111436,-1.512030101174106,-0.7820176681269317,0.1147272917083228,-0.2380080414637286,-0.2368780371275342,-0.029321751059835,-1.4425501502345606,-0.6566958699935408,0.1576510240628438,0.9312832997432672,-0.3475541528805004,-0.3043118955713138,-0.5400201880921548,-0.7641632131598204,0.1022144044850927,-0.5362571856645781,0,0,0,0
0,0,1,0,0,0,-1.0,-1.0,-1.0,0.0565513677268086,-1.0,-1.0,1.1668578610918967,0.3912777281429176,-1.91156545173132,1.4225889894886357,0.0635297169237695,-0.1954709689539851,-0.8221581314282282,-0.0890724809461919,-0.3419603466942367,-0.0286552435466126,0.2485606513324348,-1.1244178069615594,-0.9014601746609876,-0.2380080414637286,-0.2368780371275342,-0.029321751059835,0.4581150152399702,-1.0290357317546557,-1.0208811416799086,0.7475738145251981,-0.4545828069797041,1.0876099954068912,-0.7895038261155514,1.462919120548307,-0.2596631281306423,-0.5362571856645781,0,0,0,0
0,1,0,0,0,0,-1.0,-1.0,0.0848719951589216,-1.0,-1.0,-1.0,0.5830992686582933,-0.5486898112313867,-1.4170568807302175,0.6479339986573592,-0.90424935245508,-0.359600487829963,-0.6169934473508385,-0.3294751978636282,0.0592993426540425,-0.309555264495057,-1.512030101174106,-0.7820176681269317,0.1147272917083228,-0.2380080414637286,-0.2368780371275342,-0.029321751059835,-1.4425501502345606,-0.6566958699935408,0.1576510240628438,0.2875427596681749,-0.5754982968058593,0.417871494261506,-0.6682046762133954,0.3913340023224435,-0.0837179742810663,-0.5362571856645781,0,0,0,0
0,0,0,0,1,0,-1.0,-1.0,-1.0,-1.0,-1.0,-1.0,-0.1521308891246698,-1.2891431517141134,-0.8660222423392214,1.556305800543452,-0.4099544857295506,0.8123512289462052,-0.4027615613375184,-0.5185889359878427,0.2574669161407392,-0.0411986356111436,-1.512030101174106,-0.7820176681269317,0.1147272917083228,-0.2380080414637286,-0.2368780371275342,-0.029321751059835,-1.4425501502345606,-0.6566958699935408,0.1576510240628438,0.9312832997432672,-0.3475541528805004,-0.3043118955713138,-0.5400201880921548,-0.7641632131598204,0.1022144044850927,-0.5362571856645781,1,0,0,0
0,0,0,0,0,1,-1.0,-1.0,-1.0,-1.0,-1.0,-1.0,0.5830992686582933,-0.5486898112313867,-1.4170568807302175,0.6479339986573592,-0.90424935245508,-0.359600487829963,-0.6169934473508385,-0.3294751978636282,0.0592993426540425,-0.309555264495057,-1.512030101174106,-0.7820176681269317,0.1147272917083228,-0.2380080414637286,-0.2368780371275342,-0.029321751059835,-1.4425501502345606,-0.6566958699935408,0.1576510240628438,0.2875427596681749,-0.5754982968058593,0.417871494261506,-0.6682046762133954,0.3913340023224435,-0.0837179742810663,-0.5362571856645781,1,1,0,0
0,0,0,0,1,0,-1.0,-1.0,-1.0,-1.0,-1.0,-1.0,1.1668578610918967,0.3912777281429176,-1.91156545173132,1.4225889894886357,0.0635297169237695,-0.1954709689539851,-0.8221581314282282,-0.0890724809461919,-0.3419603466942367,-0.0286552435466126,0.2485606513324348,-1.1244178069615594,-0.9014601746609876,-0.2380080414637286,-0.2368780371275342,-0.029321751059835,0.4581150152399702,-1.0290357317546557,-1.0208811416799086,0.7475738145251981,-0.4545828069797041,1.0876099954068912,-0.7895038261155514,1.462919120548307,-0.2596631281306423,-0.5362571856645781,1,1,1,1
0,0,0,0,0,1,-1.0,-1.0,-1.0,-1.0,-1.0,-1.0,-0.1521308891246698,-1.2891431517141134,-0.8660222423392214,1.556305800543452,-0.4099544857295506,0.8123512289462052,-0.4027615613375184,-0.5185889359878427,0.2574669161407392,-0.0411986356111436,-1.512030101174106,-0.7820176681269317,0.1147272917083228,-0.2380080414637286,-0.2368780371275342,-0.029321751059835,-1.4425501502345606,-0.6566958699935408,0.1576510240628438,0.9312832997432672,-0.3475541528805004,-0.3043118955713138,-0.5400201880921548,-0.7641632131598204,0.1022144044850927,-0.5362571856645781,1,1,0,0
0,0,0,0,0,1,-1.0,-1.0,-1.0,-1.0,-1.0,-1.0,1.1668578610918967,0.3912777281429176,-1.91156545173132,1.4225889894886357,0.0635297169237695,-0.1954709689539851,-0.8221581314282282,-0.0890724809461919,-0.3419603466942367,-0.0286552435466126,0.2485606513324348,-1.1244178069615594,-0.9014601746609876,-0.2380080414637286,-0.2368780371275342,-0.029321751059835,0.4581150152399702,-1.0290357317546557,-1.0208811416799086,0.7475738145251981,-0.4545828069797041,1.0876099954068912,-0.7895038261155514,1.462919120548307,-0.2596631281306423,-0.5362571856645781,1,1,0,0
0,0,0,1,0,0,-1.0,-1.0,-1.0,-1.0,0.6229016948897019,0.7417869892607294,0.5830992686582933,-0.5486898112313867,-1.4170568807302175,0.6479339986573592,-0.90424935245508,-0.359600487829963,-0.6169934473508385,-0.3294751978636282,0.0592993426540425,-0.309555264495057,-1.512030101174106,-0.7820176681269317,0.1147272917083228,-0.2380080414637286,-0.2368780371275342,-0.029321751059835,-1.4425501502345606,-0.6566958699935408,0.1576510240628438,0.2875427596681749,-0.5754982968058593,0.417871494261506,-0.6682046762133954,0.3913340023224435,-0.0837179742810663,-0.5362571856645781,1,0,0,0
0,1,0,0,0,0,-1.0,-1.0,0.793340083761663,-1.0,-1.0,-1.0,-0.1521308891246698,-1.2891431517141134,-0.8660222423392214,1.556305800543452,-0.4099544857295506,0.8123512289462052,-0.4027615613375184,-0.5185889359878427,0.2574669161407392,-0.0411986356111436,-1.512030101174106,-0.7820176681269317,0.1147272917083228,-0.2380080414637286,-0.2368780371275342,-0.029321751059835,-1.4425501502345606,-0.6566958699935408,0.1576510240628438,0.9312832997432672,-0.3475541528805004,-0.3043118955713138,-0.5400201880921548,-0.7641632131598204,0.1022144044850927,-0.5362571856645781,1,0,0,0
1,0,0,0,0,0,0.8219540423197268,0.4850346279309453,-1.0,-1.0,-1.0,-1.0,1.1668578610918967,0.3912777281429176,-1.91156545173132,1.4225889894886357,0.0635297169237695,-0.1954709689539851,-0.8221581314282282,-0.0890724809461919,-0.3419603466942367,-0.0286552435466126,0.2485606513324348,-1.1244178069615594,-0.9014601746609876,-0.2380080414637286,-0.2368780371275342,-0.029321751059835,0.4581150152399702,-1.0290357317546557,-1.0208811416799086,0.7475738145251981,-0.4545828069797041,1.0876099954068912,-0.7895038261155514,1.462919120548307,-0.2596631281306423,-0.5362571856645781,0,0,0,0
0,0,0,1,0,0,-1.0,-1.0,-1.0,-1.0,0.2616214829446579,0.000451714885071,0.5830992686582933,-0.5486898112313867,-1.4170568807302175,0.6479339986573592,-0.90424935245508,-0.359600487829963,-0.6169934473508385,-0.3294751978636282,0.0592993426540425,-0.309555264495057,-1.512030101174106,-0.7820176681269317,0.1147272917083228,-0.2380080414637286,-0.2368780371275342,-0.029321751059835,-1.4425501502345606,-0.6566958699935408,0.1576510240628438,0.2875427596681749,-0.5754982968058593,0.417871494261506,-0.6682046762133954,0.3913340023224435,-0.0837179742810663,-0.5362571856645781,0,0,0,0
0,0,0,0,1,0,-1.0,-1.0,-1.0,-1.0,-1.0,-1.0,0.1934885697572112,0.103600172858593,-0.4477610633269763,-1.323288623009368,-0.0663534524203413,1.4232138646597328,1.3838756773519327,-0.6668450696118163,0.7341220987915246,1.4606034376090171,0.9586331647742994,1.3865165444923762,1.5461311421855233,1.4184242049343745,1.7090695963715925,1.778786812960208,-0.0960949096294662,0.1101990889783014,0.301093946919579,-0.6041270780707695,-0.3018041685246211,0.3855979630495705,0.2015642421961729,-0.0311174101464043,-0.1485339872698618,-0.3690110408300346,0,0,0,0
0,0,0,0,1,0,-1.0,-1.0,-1.0,-1.0,-1.0,-1.0,0.1934885697572112,0.103600172858593,-0.4477610633269763,-1.323288623009368,-0.0663534524203413,1.4232138646597328,1.3838756773519327,-0.6668450696118163,0.7341220987915246,1.4606034376090171,0.9586331647742994,1.3865165444923762,1.5461311421855233,1.4184242049343745,1.7090695963715925,1.778786812960208,-0.0960949096294662,0.1101990889783014,0.301093946919579,-0.6041270780707695,-0.3018041685246211,0.3855979630495705,0.2015642421961729,-0.0311174101464043,-0.1485339872698618,-0.3690110408300346,1,0,0,0
1,0,0,0,0,0,0.9560342718892494,0.9478274870593494,-1.0,-1.0,-1.0,-1.0,0.1934885697572112,0.103600172858593,-0.4477610633269763,-1.323288623009368,-0.0663534524203413,1.4232138646597328,1.3838756773519327,-0.6668450696118163,0.7341220987915246,1.4606034376090171,0.9586331647742994,1.3865165444923762,1.5461311421855233,1.4184242049343745,1.7090695963715925,1.778786812960208,-0.0960949096294662,0.1101990889783014,0.301093946919579,-0.6041270780707695,-0.3018041685246211,0.3855979630495705,0.2015642421961729,-0.0311174101464043,-0.1485339872698618,-0.3690110408300346,0,0,0,0
0,0,1,0,0,0,-1.0,-1.0,-1.0,0.0565513677268086,-1.0,-1.0,-2.103841672691652,0.7249940408316293,-0.1625425866403088,-0.1773459943263141,0.8634780230802731,-1.1416079248541875,1.405430580565307,-0.6232894634104506,-0.8654518849568467,-0.6910150792233981,0.9586331647742994,1.3865165444923762,1.5461311421855233,1.4184242049343745,1.7090695963715925,1.778786812960208,-0.0960949096294662,0.1101990889783014,0.301093946919579,-0.9364596348740124,-0.6240854169170255,-1.4979734166500145,-1.9296334865240028,-1.8034309698605884,-2.032093760292439,-0.3690110408300346,0,0,0,0
0,0,0,0,1,0,-1.0,-1.0,-1.0,-1.0,-1.0,-1.0,0.1934885697572112,0.103600172858593,-0.4477610633269763,-1.323288623009368,-0.0663534524203413,1.4232138646597328,1.3838756773519327,-0.6668450696118163,0.7341220987915246,1.4606034376090171,0.9586331647742994,1.3865165444923762,1.5461311421855233,1.4184242049343745,1.7090695963715925,1.778786812960208,-0.0960949096294662,0.1101990889783014,0.301093946919579,-0.6041270780707695,-0.3018041685246211,0.3855979630495705,0.2015642421961729,-0.0311174101464043,-0.1485339872698618,-0.3690110408300346,1,0,0,0
0,0,0,0,1,0,-1.0,-1.0,-1.0,-1.0,-1.0,-1.0,-2.103841672691652,0.7249940408316293,-0.1625425866403088,-0.1773459943263141,0.8634780230802731,-1.1416079248541875,1.405430580565307,-0.6232894634104506,-0.8654518849568467,-0.6910150792233981,0.9586331647742994,1.3865165444923762,1.5461311421855233,1.4184242049343745,1.7090695963715925,1.778786812960208,-0.0960949096294662,0.1101990889783014,0.301093946919579,-0.9364596348740124,-0.6240854169170255,-1.4979734166500145,-1.9296334865240028,-1.8034309698605884,-2.032093760292439,-0.3690110408300346,1,0,0,0
0,0,0,0,0,1,-1.0,-1.0,-1.0,-1.0,-1.0,-1.0,0.1934885697572112,0.103600172858593,-0.4477610633269763,-1.323288623009368,-0.0663534524203413,1.4232138646597328,1.3838756773519327,-0.6668450696118163,0.7341220987915246,1.4606034376090171,0.9586331647742994,1.3865165444923762,1.5461311421855233,1.4184242049343745,1.7090695963715925,1.778786812960208,-0.0960949096294662,0.1101990889783014,0.301093946919579,-0.6041270780707695,-0.3018041685246211,0.3855979630495705,0.2015642421961729,-0.0311174101464043,-0.1485339872698618,-0.3690110408300346,1,1,0,0
0,0,0,0,0,1,-1.0,-1.0,-1.0,-1.0,-1.0,-1.0,-2.103841672691652,0.7249940408316293,-0.1625425866403088,-0.1773459943263141,0.8634780230802731,-1.1416079248541875,1.405430580565307,-0.6232894634104506,-0.8654518849568467,-0.6910150792233981,0.9586331647742994,1.3865165444923762,1.5461311421855233,1.4184242049343745,1.7090695963715925,1.778786812960208,-0.0960949096294662,0.1101990889783014,0.301093946919579,-0.9364596348740124,-0.6240854169170255,-1.4979734166500145,-1.9296334865240028,-1.8034309698605884,-2.032093760292439,-0.3690110408300346,1,1,0,0
1,0,0,0,0,0,0.8219540423197268,0.4850346279309453,-1.0,-1.0,-1.0,-1.0,-2.103841672691652,0.7249940408316293,-0.1625425866403088,-0.1773459943263141,0.8634780230802731,-1.1416079248541875,1.405430580565307,-0.6232894634104506,-0.8654518849568467,-0.6910150792233981,0.9586331647742994,1.3865165444923762,1.5461311421855233,1.4184242049343745,1.7090695963715925,1.778786812960208,-0.0960949096294662,0.1101990889783014,0.301093946919579,-0.9364596348740124,-0.6240854169170255,-1.4979734166500145,-1.9296334865240028,-1.8034309698605884,-2.032093760292439,-0.3690110408300346,0,0,0,0
0,0,0,0,1,0,-1.0,-1.0,-1.0,-1.0,-1.0,-1.0,0.2626717668203031,1.130114834394583,1.568795352178063,-0.2876021783816259,-1.5129322324689136,-0.4444411166983649,0.1246108797017175,-0.192295136733845,-1.060355547840539,0.352494459327511,0.9683601855063796,1.432169896336993,1.5461311421855233,-0.8165281395459794,-0.8643718542140524,-0.9409680069589452,1.6964726269994217,2.264221693174365,2.582422118987333,0.5945988704975393,1.192340235702363,0.3963948467705149,0.5622462146204958,-0.0209582711684384,0.1702379619292701,0.0769786787287478,1,1,0,0
0,0,0,0,1,0,-1.0,-1.0,-1.0,-1.0,-1.0,-1.0,0.2626717668203031,1.130114834394583,1.568795352178063,-0.2876021783816259,-1.5129322324689136,-0.4444411166983649,0.1246108797017175,-0.192295136733845,-1.060355547840539,0.352494459327511,0.9683601855063796,1.432169896336993,1.5461311421855233,-0.8165281395459794,-0.8643718542140524,-0.9409680069589452,1.6964726269994217,2.264221693174365,2.582422118987333,0.5945988704975393,1.192340235702363,0.3963948467705149,0.5622462146204958,-0.0209582711684384,0.1702379619292701,0.0769786787287478,1,1,0,0
0,1,0,0,0,0,-1.0,-1.0,0.1343642441124012,-1.0,-1.0,-1.0,-2.2520679209624004,0.2817966020179507,-0.3073013143146011,0.0524178734700049,0.2111176107635376,-0.693756092673541,-0.5742660560505779,-0.1158625485035104,0.5356300999820625,-0.2031015723080351,-1.1910384170154549,-1.1015911310392508,-0.8796066807605721,-0.8165281395459794,-0.8643718542140524,-0.9409680069589452,-0.6347299516488976,-0.4910932838578831,-0.2308482121405273,-0.9910861451850764,-0.886752215429027,-1.6343863976592508,-1.9584611182368483,-1.931786379466708,-2.057571718866669,0.0769786787287478,1,0,0,0
1,0,0,0,0,0,0.8474337369372327,0.763774618976614,-1.0,-1.0,-1.0,-1.0,-1.8244600706229013,0.5424855028595056,0.1991594758586676,-0.9575067464181424,1.075164927741783,-0.7202659264443805,-1.192083615024936,-0.3692119085838075,-0.1907749137393629,-0.1450806192234806,-1.1910384170154549,-1.1015911310392508,-0.8796066807605721,-0.8165281395459794,-0.8643718542140524,-0.9409680069589452,-0.6347299516488976,-0.4910932838578831,-0.2308482121405273,-0.953982826245256,-0.9076324102416172,-1.6446620479754488,-1.941497093054204,-1.941455072985072,-2.042578855937071,0.0769786787287478,0,0,0,0
1,0,0,0,0,0,0.9560342718892494,0.9478274870593494,-1.0,-1.0,-1.0,-1.0,0.2626717668203031,1.130114834394583,1.568795352178063,-0.2876021783816259,-1.5129322324689136,-0.4444411166983649,0.1246108797017175,-0.192295136733845,-1.060355547840539,0.352494459327511,0.9683601855063796,1.432169896336993,1.5461311421855233,-0.8165281395459794,-0.8643718542140524,-0.9409680069589452,1.6964726269994217,2.264221693174365,2.582422118987333,0.5945988704975393,1.192340235702363,0.3963948467705149,0.5622462146204958,-0.0209582711684384,0.1702379619292701,0.0769786787287478,0,0,0,0
0,0,1,0,0,0,-1.0,-1.0,-1.0,0.0565513677268086,-1.0,-1.0,-2.2520679209624004,0.2817966020179507,-0.3073013143146011,0.0524178734700049,0.2111176107635376,-0.693756092673541,-0.5742660560505779,-0.1158625485035104,0.5356300999820625,-0.2031015723080351,-1.1910384170154549,-1.1015911310392508,-0.8796066807605721,-0.8165281395459794,-0.8643718542140524,-0.9409680069589452,-0.6347299516488976,-0.4910932838578831,-0.2308482121405273,-0.9910861451850764,-0.886752215429027,-1.6343863976592508,-1.9584611182368483,-1.931786379466708,-2.057571718866669,0.0769786787287478,0,0,0,0
0,1,0,0,0,0,-1.0,-1.0,0.0848719951589216,-1.0,-1.0,-1.0,-1.8244600706229013,0.5424855028595056,0.1991594758586676,-0.9575067464181424,1.075164927741783,-0.7202659264443805,-1.192083615024936,-0.3692119085838075,-0.1907749137393629,-0.1450806192234806,-1.1910384170154549,-1.1015911310392508,-0.8796066807605721,-0.8165281395459794,-0.8643718542140524,-0.9409680069589452,-0.6347299516488976,-0.4910932838578831,-0.2308482121405273,-0.953982826245256,-0.9076324102416172,-1.6446620479754488,-1.941497093054204,-1.941455072985072,-2.042578855937071,0.0769786787287478,1,0,0,0
0,0,0,0,1,0,-1.0,-1.0,-1.0,-1.0,-1.0,-1.0,0.2626717668203031,1.130114834394583,1.568795352178063,-0.2876021783816259,-1.5129322324689136,-0.4444411166983649,0.1246108797017175,-0.192295136733845,-1.060355547840539,0.352494459327511,0.9683601855063796,1.432169896336993,1.5461311421855233,-0.8165281395459794,-0.8643718542140524,-0.9409680069589452,1.6964726269994217,2.264221693174365,2.582422118987333,0.5945988704975393,1.192340235702363,0.3963948467705149,0.5622462146204958,-0.0209582711684384,0.1702379619292701,0.0769786787287478,1,1,0,0
0,0,0,0,0,1,-1.0,-1.0,-1.0,-1.0,-1.0,-1.0,-1.8244600706229013,0.5424855028595056,0.1991594758586676,-0.9575067464181424,1.075164927741783,-0.7202659264443805,-1.192083615024936,-0.3692119085838075,-0.1907749137393629,-0.1450806192234806,-1.1910384170154549,-1.1015911310392508,-0.8796066807605721,-0.8165281395459794,-0.8643718542140524,-0.9409680069589452,-0.6347299516488976,-0.4910932838578831,-0.2308482121405273,-0.953982826245256,-0.9076324102416172,-1.6446620479754488,-1.941497093054204,-1.941455072985072,-2.042578855937071,0.0769786787287478,1,1,1,0
0,0,0,0,1,0,-1.0,-1.0,-1.0,-1.0,-1.0,-1.0,-2.2520679209624004,0.2817966020179507,-0.3073013143146011,0.0524178734700049,0.2111176107635376,-0.693756092673541,-0.5742660560505779,-0.1158625485035104,0.5356300999820625,-0.2031015723080351,-1.1910384170154549,-1.1015911310392508,-0.8796066807605721,-0.8165281395459794,-0.8643718542140524,-0.9409680069589452,-0.6347299516488976,-0.4910932838578831,-0.2308482121405273,-0.9910861451850764,-0.886752215429027,-1.6343863976592508,-1.9584611182368483,-1.931786379466708,-2.057571718866669,0.0769786787287478,1,0,0,0
0,0,0,0,0,1,-1.0,-1.0,-1.0,-1.0,-1.0,-1.0,0.2626717668203031,1.130114834394583,1.568795352178063,-0.2876021783816259,-1.5129322324689136,-0.4444411166983649,0.1246108797017175,-0.192295136733845,-1.060355547840539,0.352494459327511,0.9683601855063796,1.432169896336993,1.5461311421855233,-0.8165281395459794,-0.8643718542140524,-0.9409680069589452,1.6964726269994217,2.264221693174365,2.582422118987333,0.5945988704975393,1.192340235702363,0.3963948467705149,0.5622462146204958,-0.0209582711684384,0.1702379619292701,0.0769786787287478,1,1,0,0
0,0,0,0,0,1,-1.0,-1.0,-1.0,-1.0,-1.0,-1.0,-2.2520679209624004,0.2817966020179507,-0.3073013143146011,0.0524178734700049,0.2111176107635376,-0.693756092673541,-0.5742660560505779,-0.1158625485035104,0.5356300999820625,-0.2031015723080351,-1.1910384170154549,-1.1015911310392508,-0.8796066807605721,-0.8165281395459794,-0.8643718542140524,-0.9409680069589452,-0.6347299516488976,-0.4910932838578831,-0.2308482121405273,-0.9910861451850764,-0.886752215429027,-1.6343863976592508,-1.9584611182368483,-1.931786379466708,-2.057571718866669,0.0769786787287478,1,1,0,0
0,0,0,1,0,0,-1.0,-1.0,-1.0,-1.0,0.2616214829446579,0.000451714885071,-1.8244600706229013,0.5424855028595056,0.1991594758586676,-0.9575067464181424,1.075164927741783,-0.7202659264443805,-1.192083615024936,-0.3692119085838075,-0.1907749137393629,-0.1450806192234806,-1.1910384170154549,-1.1015911310392508,-0.8796066807605721,-0.8165281395459794,-0.8643718542140524,-0.9409680069589452,-0.6347299516488976,-0.4910932838578831,-0.2308482121405273,-0.953982826245256,-0.9076324102416172,-1.6446620479754488,-1.941497093054204,-1.941455072985072,-2.042578855937071,0.0769786787287478,1,0,0,0
0,0,0,0,1,0,-1.0,-1.0,-1.0,-1.0,-1.0,-1.0,-0.6795413131328055,-1.2553471022226943,0.8926962538618827,-1.0077743356247348,0.373357260808589,1.4740409694413406,0.4844729480591391,-0.5664323195221609,1.0031004016668057,0.4929366267152705,-1.512030101174106,-0.839084357932703,0.1802877734095686,-1.194055618186104,-0.5409159689263462,0.5258289966270441,-0.6802339058867777,-0.4701319286772574,-0.2319746467075455,2.478857196421272,-0.2481057360752019,-1.3284326330327183,0.382615133265073,-0.0305218769180861,0.011479403647208,-0.8150007603888173,1,0,0,0
0,0,0,1,0,0,-1.0,-1.0,-1.0,-1.0,0.8444218515250481,0.7579544029403025,-0.6646832408146502,-1.9266307727120644,0.4743049563533975,0.447746627063973,-0.403375805271186,-1.8067857540300687,1.031846740409312,-0.271311734923765,-0.0993748280823973,0.5355385497726342,0.9683601855063796,1.432169896336993,1.5461311421855233,-1.194055618186104,-0.5409159689263462,0.5258289966270441,1.9974987858038589,1.9997224876714703,1.352073963161745,1.029814895099334,-0.7381012744587397,-1.1127007563911842,0.2787512832121596,0.9844238117750582,-0.0803158189145193,-0.8150007603888173,1,0,0,0
0,0,0,0,1,0,-1.0,-1.0,-1.0,-1.0,-1.0,-1.0,-0.6795413131328055,-1.2553471022226943,0.8926962538618827,-1.0077743356247348,0.373357260808589,1.4740409694413406,0.4844729480591391,-0.5664323195221609,1.0031004016668057,0.4929366267152705,-1.512030101174106,-0.839084357932703,0.1802877734095686,-1.194055618186104,-0.5409159689263462,0.5258289966270441,-0.6802339058867777,-0.4701319286772574,-0.2319746467075455,2.478857196421272,-0.2481057360752019,-1.3284326330327183,0.382615133265073,-0.0305218769180861,0.011479403647208,-0.8150007603888173,1,0,0,0
1,0,0,0,0,0,0.9560342718892494,0.9478274870593494,-1.0,-1.0,-1.0,-1.0,-0.6795413131328055,-1.2553471022226943,0.8926962538618827,-1.0077743356247348,0.373357260808589,1.4740409694413406,0.4844729480591391,-0.5664323195221609,1.0031004016668057,0.4929366267152705,-1.512030101174106,-0.839084357932703,0.1802877734095686,-1.194055618186104,-0.5409159689263462,0.5258289966270441,-0.6802339058867777,-0.4701319286772574,-0.2319746467075455,2.478857196421272,-0.2481057360752019,-1.3284326330327183,0.382615133265073,-0.0305218769180861,0.011479403647208,-0.8150007603888173,0,0,0,0
0,0,1,0,0,0,-1.0,-1.0,-1.0,0.0565513677268086,-1.0,-1.0,-0.6646832408146502,-1.9266307727120644,0.4743049563533975,0.447746627063973,-0.403375805271186,-1.8067857540300687,1.031846740409312,-0.271311734923765,-0.0993748280823973,0.5355385497726342,0.9683601855063796,1.432169896336993,1.5461311421855233,-1.194055618186104,-0.5409159689263462,0.5258289966270441,1.9974987858038589,1.9997224876714703,1.352073963161745,1.029814895099334,-0.7381012744587397,-1.1127007563911842,0.2787512832121596,0.9844238117750582,-0.0803158189145193,-0.8150007603888173,0,0,0,0
0,0,0,0,1,0,-1.0,-1.0,-1.0,-1.0,-1.0,-1.0,-0.6795413131328055,-1.2553471022226943,0.8926962538618827,-1.0077743356247348,0.373357260808589,1.4740409694413406,0.4844729480591391,-0.5664323195221609,1.0031004016668057,0.4929366267152705,-1.512030101174106,-0.839084357932703,0.1802877734095686,-1.194055618186104,-0.5409159689263462,0.5258289966270441,-0.6802339058867777,-0.4701319286772574,-0.2319746467075455,2.478857196421272,-0.2481057360752019,-1.3284326330327183,0.382615133265073,-0.0305218769180861,0.011479403647208,-0.8150007603888173,1,0,0,0
0,0,0,1,0,0,-1.0,-1.0,-1.0,-1.0,0.2379646270918913,0.5442292252959519,-0.6646832408146502,-1.9266307727120644,0.4743049563533975,0.447746627063973,-0.403375805271186,-1.8067857540300687,1.031846740409312,-0.271311734923765,-0.0993748280823973,0.5355385497726342,0.9683601855063796,1.432169896336993,1.5461311421855233,-1.194055618186104,-0.5409159689263462,0.5258289966270441,1.9974987858038589,1.9997224876714703,1.352073963161745,1.029814895099334,-0.7381012744587397,-1.1127007563911842,0.2787512832121596,0.9844238117750582,-0.0803158189145193,-0.8150007603888173,1,0,0,0
0,0,0,0,1,0,-1.0,-1.0,-1.0,-1.0,-1.0,-1.0,-0.6646832408146502,-1.9266307727120644,0.4743049563533975,0.447746627063973,-0.403375805271186,-1.8067857540300687,1.031846740409312,-0.271311734923765,-0.0993748280823973,0.5355385497726342,0.9683601855063796,1.432169896336993,1.5461311421855233,-1.194055618186104,-0.5409159689263462,0.5258289966270441,1.9974987858038589,1.9997224876714703,1.352073963161745,1.029814895099334,-0.7381012744587397,-1.1127007563911842,0.2787512832121596,0.9844238117750582,-0.0803158189145193,-0.8150007603888173,1,1,0,0
0,0,0,0,0,1,-1.0,-1.0,-1.0,-1.0,-1.0,-1.0,-0.6795413131328055,-1.2553471022226943,0.8926962538618827,-1.0077743356247348,0.373357260808589,1.4740409694413406,0.4844729480591391,-0.5664323195221609,1.0031004016668057,0.4929366267152705,-1.512030101174106,-0.839084357932703,0.1802877734095686,-1.194055618186104,-0.5409159689263462,0.5258289966270441,-0.6802339058867777,-0.4701319286772574,-0.2319746467075455,2.478857196421272,-0.2481057360752019,-1.3284326330327183,0.382615133265073,-0.0305218769180861,0.011479403647208,-0.8150007603888173,1,0,0,0
0,0,1,0,0,0,-1.0,-1.0,-1.0,0.3238327648331623,-1.0,-1.0,-0.6646832408146502,-1.9266307727120644,0.4743049563533975,0.447746627063973,-0.403375805271186,-1.8067857540300687,1.031846740409312,-0.271311734923765,-0.0993748280823973,0.5355385497726342,0.9683601855063796,1.432169896336993,1.5461311421855233,-1.194055618186104,-0.5409159689263462,0.5258289966270441,1.9974987858038589,1.9997224876714703,1.352073963161745,1.029814895099334,-0.7381012744587397,-1.1127007563911842,0.2787512832121596,0.9844238117750582,-0.0803158189145193,-0.8150007603888173,0,0,0,0
0,0,0,0,1,0,-1.0,-1.0,-1.0,-1.0,-1.0,-1.0,-0.548072401439838,-1.4747124320623488,-0.1285838033965029,2.61753032004911,2.6803005625972256,0.540799387863822,-0.767017857817457,-0.750606091831667,-1.9202818479058863,0.9915006551764142,-1.512030101174106,-0.5537509089038467,0.4862366880153824,-1.567193242423436,0.4345873712468096,-0.8262905589753058,-0.3827080512544847,-0.9575459242193464,1.2570090458944507,1.6835909743533657,-0.3251139490706486,-0.976849624633182,0.9210287900864784,-1.6428173484770257,0.0114794036472075,5.819096318048074,1,1,1,0
0,0,0,0,1,0,-1.0,-1.0,-1.0,-1.0,-1.0,-1.0,-0.548072401439838,-1.4747124320623488,-0.1285838033965029,2.61753032004911,2.6803005625972256,0.540799387863822,-0.767017857817457,-0.750606091831667,-1.9202818479058863,0.9915006551764142,-1.512030101174106,-0.5537509089038467,0.4862366880153824,-1.567193242423436,0.4345873712468096,-0.8262905589753058,-0.3827080512544847,-0.9575459242193464,1.2570090458944507,1.6835909743533657,-0.3251139490706486,-0.976849624633182,0.9210287900864784,-1.6428173484770257,0.0114794036472075,5.819096318048074,1,0,0,0
1,0,0,0,0,0,0.9560342718892494,0.9478274870593494,-1.0,-1.0,-1.0,-1.0,-0.548072401439838,-1.4747124320623488,-0.1285838033965029,2.61753032004911,2.6803005625972256,0.540799387863822,-0.767017857817457,-0.750606091831667,-1.9202818479058863,0.9915006551764142,-1.512030101174106,-0.5537509089038467,0.4862366880153824,-1.567193242423436,0.4345873712468096,-0.8262905589753058,-0.3827080512544847,-0.9575459242193464,1.2570090458944507,1.6835909743533657,-0.3251139490706486,-0.976849624633182,0.9210287900864784,-1.6428173484770257,0.0114794036472075,5.819096318048074,1,0,0,0
0,0,0,0,1,0,-1.0,-1.0,-1.0,-1.0,-1.0,-1.0,-0.548072401439838,-1.4747124320623488,-0.1285838033965029,2.61753032004911,2.6803005625972256,0.540799387863822,-0.767017857817457,-0.750606091831667,-1.9202818479058863,0.9915006551764142,-1.512030101174106,-0.5537509089038467,0.4862366880153824,-1.567193242423436,0.4345873712468096,-0.8262905589753058,-0.3827080512544847,-0.9575459242193464,1.2570090458944507,1.6835909743533657,-0.3251139490706486,-0.976849624633182,0.9210287900864784,-1.6428173484770257,0.0114794036472075,5.819096318048074,1,0,0,0
0,0,0,1,0,0,-1.0,-1.0,-1.0,-1.0,0.2360480897374345,0.1031660342307158,-0.548072401439838,-1.4747124320623488,-0.1285838033965029,2.61753032004911,2.6803005625972256,0.540799387863822,-0.767017857817457,-0.750606091831667,-1.9202818479058863,0.9915006551764142,-1.512030101174106,-0.5537509089038467,0.4862366880153824,-1.567193242423436,0.4345873712468096,-0.8262905589753058,-0.3827080512544847,-0.9575459242193464,1.2570090458944507,1.6835909743533657,-0.3251139490706486,-0.976849624633182,0.9210287900864784,-1.6428173484770257,0.0114794036472075,5.819096318048074,1,0,0,0
0,0,0,0,0,1,-1.0,-1.0,-1.0,-1.0,-1.0,-1.0,-0.548072401439838,-1.4747124320623488,-0.1285838033965029,2.61753032004911,2.6803005625972256,0.540799387863822,-0.767017857817457,-0.750606091831667,-1.9202818479058863,0.9915006551764142,-1.512030101174106,-0.5537509089038467,0.4862366880153824,-1.567193242423436,0.4345873712468096,-0.8262905589753058,-0.3827080512544847,-0.9575459242193464,1.2570090458944507,1.6835909743533657,-0.3251139490706486,-0.976849624633182,0.9210287900864784,-1.6428173484770257,0.0114794036472075,5.819096318048074,1,0,0,0
0,1,0,0,0,0,-1.0,-1.0,0.793340083761663,-1.0,-1.0,-1.0,-0.548072401439838,-1.4747124320623488,-0.1285838033965029,2.61753032004911,2.6803005625972256,0.540799387863822,-0.767017857817457,-0.750606091831667,-1.9202818479058863,0.9915006551764142,-1.512030101174106,-0.5537509089038467,0.4862366880153824,-1.567193242423436,0.4345873712468096,-0.8262905589753058,-0.3827080512544847,-0.9575459242193464,1.2570090458944507,1.6835909743533657,-0.3251139490706486,-0.976849624633182,0.9210287900864784,-1.6428173484770257,0.0114794036472075,5.819096318048074,1,0,0,0
0,0,0,0,1,0,-1.0,-1.0,-1.0,-1.0,-1.0,-1.0,0.0649595373505773,0.1730929955252295,-1.109940893891816,1.0764835996037865,1.974881007716584,-0.5589186268089519,4.280851689966546,-1.444797524522203,-1.4911138751086406,-2.4036014159221626,0.9683601855063796,0.6788895909008126,-0.4425368027522667,-0.1070894954077881,0.6201494396810857,0.1596661811886836,1.1307930353532665,0.2311381233610676,-0.6471637354856532,-0.5288171887791885,-0.2147604647684488,0.425456125325113,0.0514446038615157,-0.0106711996370398,-0.5364087691770175,-0.0345187511609477,1,1,1,0
0,0,0,0,1,0,-1.0,-1.0,-1.0,-1.0,-1.0,-1.0,0.0649595373505773,0.1730929955252295,-1.109940893891816,1.0764835996037865,1.974881007716584,-0.5589186268089519,4.280851689966546,-1.444797524522203,-1.4911138751086406,-2.4036014159221626,0.9683601855063796,0.6788895909008126,-0.4425368027522667,-0.1070894954077881,0.6201494396810857,0.1596661811886836,1.1307930353532665,0.2311381233610676,-0.6471637354856532,-0.5288171887791885,-0.2147604647684488,0.425456125325113,0.0514446038615157,-0.0106711996370398,-0.5364087691770175,-0.0345187511609477,1,1,0,0
0,0,0,0,1,0,-1.0,-1.0,-1.0,-1.0,-1.0,-1.0,0.0649595373505773,0.1730929955252295,-1.109940893891816,1.0764835996037865,1.974881007716584,-0.5589186268089519,4.280851689966546,-1.444797524522203,-1.4911138751086406,-2.4036014159221626,0.9683601855063796,0.6788895909008126,-0.4425368027522667,-0.1070894954077881,0.6201494396810857,0.1596661811886836,1.1307930353532665,0.2311381233610676,-0.6471637354856532,-0.5288171887791885,-0.2147604647684488,0.425456125325113,0.0514446038615157,-0.0106711996370398,-0.5364087691770175,-0.0345187511609477,1,1,0,0
0,0,0,0,0,1,-1.0,-1.0,-1.0,-1.0,-1.0,-1.0,0.0649595373505773,0.1730929955252295,-1.109940893891816,1.0764835996037865,1.974881007716584,-0.5589186268089519,4.280851689966546,-1.444797524522203,-1.4911138751086406,-2.4036014159221626,0.9683601855063796,0.6788895909008126,-0.4425368027522667,-0.1070894954077881,0.6201494396810857,0.1596661811886836,1.1307930353532665,0.2311381233610676,-0.6471637354856532,-0.5288171887791885,-0.2147604647684488,0.425456125325113,0.0514446038615157,-0.0106711996370398,-0.5364087691770175,-0.0345187511609477,1,1,0,0
